{"loss": [0.6704049110412598, 0.6510390043258667, 0.6376140713691711, 0.6400317549705505, 0.617169201374054, 0.6206836104393005, 0.6211093664169312, 0.6076875329017639, 0.612707257270813, 0.617133617401123, 0.6123961806297302, 0.5891172885894775, 0.602250874042511, 0.6091142296791077, 0.6125796437263489, 0.5834333300590515, 0.6040657162666321, 0.5948458909988403, 0.6012629270553589, 0.5851954221725464, 0.6087888479232788, 0.6020987033843994, 0.595382571220398, 0.6019983887672424, 0.6049771904945374, 0.5898522138595581, 0.6035104990005493, 0.6001766920089722, 0.5853505730628967, 0.5941933393478394, 0.5897589325904846, 0.587639570236206, 0.6051555275917053, 0.5908316969871521, 0.5994815230369568, 0.5958535075187683, 0.5918686985969543, 0.5848989486694336, 0.5953542590141296, 0.5986816883087158, 0.5934600234031677, 0.5954899787902832, 0.5942826867103577, 0.5838111639022827, 0.5955199003219604, 0.5942338705062866, 0.5771600008010864, 0.5983714461326599, 0.5988404750823975, 0.5869875550270081, 0.5943709015846252, 0.5858933329582214, 0.5917105078697205, 0.5949364304542542, 0.572112500667572, 0.5838426947593689, 0.5904956459999084, 0.5849612355232239, 0.5790097713470459, 0.5877570509910583, 0.5904262661933899, 0.6000532507896423, 0.5848481059074402, 0.5787906646728516, 0.576228141784668, 0.5924892425537109, 0.5838276147842407, 0.593209445476532, 0.5874999761581421, 0.5882075428962708, 0.5843886137008667, 0.5915066599845886, 0.588979959487915, 0.5938379764556885, 0.5765638947486877, 0.5813206434249878, 0.5966621041297913, 0.5844012498855591, 0.5826311111450195, 0.5900352597236633, 0.5945084095001221, 0.5876019597053528, 0.5743774175643921, 0.5913886427879333, 0.5905013680458069, 0.5995879173278809, 0.5902734994888306, 0.5792601704597473, 0.596971333026886, 0.5913000702857971, 0.5769860744476318, 0.6028880476951599, 0.5833627581596375, 0.5874117612838745, 0.5916600227355957, 0.5867261290550232, 0.5938704609870911, 0.5906367897987366, 0.591422438621521, 0.5972638726234436], "accuracy": [0.6106666922569275, 0.637333333492279, 0.6391406655311584, 0.6458542943000793, 0.6676666736602783, 0.6423333287239075, 0.6489999890327454, 0.6566666960716248, 0.6686807870864868, 0.6650000214576721, 0.6546666622161865, 0.6880000233650208, 0.671999990940094, 0.6636455059051514, 0.6623333096504211, 0.6836666464805603, 0.6740000247955322, 0.6710000038146973, 0.6740517020225525, 0.6916666626930237, 0.6602886915206909, 0.675000011920929, 0.6756666898727417, 0.6626666784286499, 0.6759999990463257, 0.6933333277702332, 0.6733333468437195, 0.6796666383743286, 0.6894931197166443, 0.6834508180618286, 0.6903333067893982, 0.6909999847412109, 0.6726666688919067, 0.6850000023841858, 0.6816666722297668, 0.6786666512489319, 0.6901645064353943, 0.6896666884422302, 0.6790000200271606, 0.6840000152587891, 0.6909999847412109, 0.6850000023841858, 0.6666666865348816, 0.684333324432373, 0.6794226169586182, 0.6777442097663879, 0.6930000185966492, 0.6743333339691162, 0.6764014959335327, 0.6850000023841858, 0.6869999766349792, 0.6866666674613953, 0.6869999766349792, 0.6869999766349792, 0.6983333230018616, 0.690666675567627, 0.6859999895095825, 0.6826666593551636, 0.6923333406448364, 0.6783333420753479, 0.6871433258056641, 0.6746666431427002, 0.6936666369438171, 0.6953333616256714, 0.7023333311080933, 0.675000011920929, 0.6915072202682495, 0.6893333196640015, 0.6898288130760193, 0.6803333163261414, 0.6933333277702332, 0.6813333630561829, 0.6899999976158142, 0.6733333468437195, 0.687666654586792, 0.6919999718666077, 0.6813333630561829, 0.6850000023841858, 0.6963333487510681, 0.6966666579246521, 0.6773333549499512, 0.6811010241508484, 0.699999988079071, 0.6823333501815796, 0.6863333582878113, 0.6723732948303223, 0.6841222047805786, 0.6923333406448364, 0.675000011920929, 0.6883333325386047, 0.6949999928474426, 0.6740000247955322, 0.6943333148956299, 0.6966666579246521, 0.6883333325386047, 0.6830000281333923, 0.6753333210945129, 0.6809999942779541, 0.6770728230476379, 0.6859999895095825], "val_loss": [0.5576216578483582, 0.5586569905281067, 0.5998093485832214, 0.5713464617729187, 0.5683980584144592, 0.584063708782196, 0.5903698205947876, 0.6202166080474854, 0.5656523704528809, 0.6316256523132324, 0.5837578177452087, 0.5547695755958557, 0.5394087433815002, 0.5505709648132324, 0.5616039037704468, 0.5708535313606262, 0.5289251208305359, 0.5348231196403503, 0.567658543586731, 0.5896472930908203, 0.5419679284095764, 0.541135311126709, 0.6090626120567322, 0.5385600328445435, 0.551468014717102, 0.5261614322662354, 0.563995361328125, 0.5681135654449463, 0.564124584197998, 0.557353675365448, 0.5617387890815735, 0.5929474830627441, 0.5121492147445679, 0.5619992017745972, 0.5636473894119263, 0.5419604778289795, 0.535713791847229, 0.6163098216056824, 0.5577015280723572, 0.557276725769043, 0.5324941873550415, 0.5255500674247742, 0.5477977991104126, 0.5387189984321594, 0.546467125415802, 0.5225526094436646, 0.5651937127113342, 0.5461892485618591, 0.5484510064125061, 0.5968905687332153, 0.5884397029876709, 0.5477259755134583, 0.5497127175331116, 0.5883786678314209, 0.5225599408149719, 0.5602788925170898, 0.5683298110961914, 0.565055787563324, 0.5478456020355225, 0.524761974811554, 0.582578182220459, 0.5782562494277954, 0.5279753804206848, 0.560615062713623, 0.5528075098991394, 0.5935677886009216, 0.5688493251800537, 0.5308168530464172, 0.5404490828514099, 0.5694620013237, 0.5728443264961243, 0.5518009662628174, 0.5764366984367371, 0.5371049642562866, 0.5286627411842346, 0.5444788932800293, 0.5274704098701477, 0.5406910181045532, 0.5638774633407593, 0.5811935663223267, 0.5689211487770081, 0.53397136926651, 0.5676886439323425, 0.5573453903198242, 0.5339607000350952, 0.5721710920333862, 0.5661567449569702, 0.5464491844177246, 0.5302041172981262, 0.5676767826080322, 0.5298708081245422, 0.5393148064613342, 0.5360801219940186, 0.5572130680084229, 0.5363901853561401, 0.5494999289512634, 0.5513995885848999, 0.5378084182739258, 0.5552141666412354, 0.5393837094306946], "val_accuracy": [0.7039999961853027, 0.6980000138282776, 0.6610000133514404, 0.7039999961853027, 0.703000009059906, 0.6990000009536743, 0.6830000281333923, 0.6340000033378601, 0.7139999866485596, 0.6579999923706055, 0.6690000295639038, 0.7089999914169312, 0.7300000190734863, 0.7279999852180481, 0.7139999866485596, 0.6919999718666077, 0.7609999775886536, 0.7229999899864197, 0.6919999718666077, 0.6990000009536743, 0.7369999885559082, 0.7419999837875366, 0.6660000085830688, 0.7329999804496765, 0.7229999899864197, 0.7689999938011169, 0.7049999833106995, 0.6830000281333923, 0.7120000123977661, 0.734000027179718, 0.6980000138282776, 0.6660000085830688, 0.7749999761581421, 0.7080000042915344, 0.7229999899864197, 0.7360000014305115, 0.7459999918937683, 0.6679999828338623, 0.7089999914169312, 0.7360000014305115, 0.7549999952316284, 0.7519999742507935, 0.7390000224113464, 0.7409999966621399, 0.7419999837875366, 0.7419999837875366, 0.699999988079071, 0.7310000061988831, 0.7310000061988831, 0.671999990940094, 0.7059999704360962, 0.7179999947547913, 0.7350000143051147, 0.6899999976158142, 0.7540000081062317, 0.7160000205039978, 0.7129999995231628, 0.7179999947547913, 0.7369999885559082, 0.7620000243186951, 0.6959999799728394, 0.7070000171661377, 0.7329999804496765, 0.6940000057220459, 0.7120000123977661, 0.6959999799728394, 0.7009999752044678, 0.7400000095367432, 0.7459999918937683, 0.7170000076293945, 0.7289999723434448, 0.7310000061988831, 0.6890000104904175, 0.7350000143051147, 0.7590000033378601, 0.7260000109672546, 0.75, 0.7459999918937683, 0.7260000109672546, 0.7129999995231628, 0.7059999704360962, 0.7390000224113464, 0.7089999914169312, 0.7200000286102295, 0.7319999933242798, 0.699999988079071, 0.7080000042915344, 0.7319999933242798, 0.753000020980835, 0.7099999785423279, 0.7229999899864197, 0.7360000014305115, 0.7429999709129333, 0.7160000205039978, 0.7379999756813049, 0.7260000109672546, 0.7239999771118164, 0.7239999771118164, 0.7350000143051147, 0.7260000109672546]}